const hash,8.246000
first_char_hash,8.559000
char_sum_hash,138.631000
rol_hash,217.082000
ror_hash,180.835000
gnu_hash,261.462000
crc32_hash,2746.928000
const hash,9.402000
first_char_hash,9.449000
char_sum_hash,138.110000
rol_hash,218.999000
ror_hash,178.484000
gnu_hash,258.693000
crc32_hash,2725.123000
const hash,8.253000
first_char_hash,8.534000
char_sum_hash,138.342000
rol_hash,213.666000
ror_hash,178.817000
gnu_hash,258.406000
crc32_hash,2714.229000