const hash,9.096000
first_char_hash,9.258000
char_sum_hash,74.817000
rol_hash,75.004000
ror_hash,88.730000
gnu_hash,87.077000
crc32_hash,592.172000
const hash,9.034000
first_char_hash,9.231000
char_sum_hash,74.198000
rol_hash,77.278000
ror_hash,88.955000
gnu_hash,87.039000
crc32_hash,591.434000
const hash,9.257000
first_char_hash,9.445000
char_sum_hash,78.046000
rol_hash,77.922000
ror_hash,93.414000
gnu_hash,90.843000
crc32_hash,604.658000