const hash,18.191000
first_char_hash,27.871000
char_sum_hash,203.368000
rol_hash,156.177000
ror_hash,146.426000
gnu_hash,190.562000
crc32_hash,2654.936000
const hash,18.201000
first_char_hash,24.691000
char_sum_hash,200.527000
rol_hash,149.193000
ror_hash,149.072000
gnu_hash,198.610000
crc32_hash,2671.284000
const hash,18.206000
first_char_hash,23.993000
char_sum_hash,197.045000
rol_hash,153.742000
ror_hash,148.501000
gnu_hash,188.681000
crc32_hash,2696.275000