const hash,47.010000
first_char_hash,60.971000
char_sum_hash,796.606000
rol_hash,1391.618000
ror_hash,1364.376000
gnu_hash,1035.623000
crc32_hash,3787.472000
const hash,46.959000
first_char_hash,62.788000
char_sum_hash,803.044000
rol_hash,1365.097000
ror_hash,1365.709000
gnu_hash,1082.412000
crc32_hash,3934.294000
const hash,46.724000
first_char_hash,62.910000
char_sum_hash,782.044000
rol_hash,1384.407000
ror_hash,1360.149000
gnu_hash,1011.603000
crc32_hash,3688.583000