const hash,11.035000
first_char_hash,13.148000
char_sum_hash,154.443000
rol_hash,250.697000
ror_hash,248.767000
gnu_hash,173.499000
crc32_hash,827.658000
const hash,13.036000
first_char_hash,15.218000
char_sum_hash,165.774000
rol_hash,258.086000
ror_hash,264.410000
gnu_hash,190.419000
crc32_hash,836.577000
const hash,13.288000
first_char_hash,15.728000
char_sum_hash,165.957000
rol_hash,266.098000
ror_hash,250.699000
gnu_hash,178.422000
crc32_hash,812.347000